,location,date,total_cases,new_cases,total_deaths,new_deaths,months,years
0,Indonesia,2020-03-02,2,2,0.0,0.0,March,2020
1,Indonesia,2020-03-03,2,0,0.0,0.0,March,2020
2,Indonesia,2020-03-04,2,0,0.0,0.0,March,2020
3,Indonesia,2020-03-05,2,0,0.0,0.0,March,2020
4,Indonesia,2020-03-06,4,2,0.0,0.0,March,2020
5,Indonesia,2020-03-07,4,0,0.0,0.0,March,2020
6,Indonesia,2020-03-08,6,2,0.0,0.0,March,2020
7,Indonesia,2020-03-09,19,13,0.0,0.0,March,2020
8,Indonesia,2020-03-10,27,8,0.0,0.0,March,2020
9,Indonesia,2020-03-11,34,7,1.0,1.0,March,2020
10,Indonesia,2020-03-12,34,0,1.0,0.0,March,2020
11,Indonesia,2020-03-13,69,35,4.0,3.0,March,2020
12,Indonesia,2020-03-14,96,27,5.0,1.0,March,2020
13,Indonesia,2020-03-15,117,21,5.0,0.0,March,2020
14,Indonesia,2020-03-16,134,17,5.0,0.0,March,2020
15,Indonesia,2020-03-17,172,38,5.0,0.0,March,2020
16,Indonesia,2020-03-18,227,55,19.0,14.0,March,2020
17,Indonesia,2020-03-19,311,84,25.0,6.0,March,2020
18,Indonesia,2020-03-20,369,58,32.0,7.0,March,2020
19,Indonesia,2020-03-21,450,81,38.0,6.0,March,2020
20,Indonesia,2020-03-22,514,64,48.0,10.0,March,2020
21,Indonesia,2020-03-23,579,65,49.0,1.0,March,2020
22,Indonesia,2020-03-24,686,107,55.0,6.0,March,2020
23,Indonesia,2020-03-25,790,104,58.0,3.0,March,2020
24,Indonesia,2020-03-26,893,103,78.0,20.0,March,2020
25,Indonesia,2020-03-27,1046,153,87.0,9.0,March,2020
26,Indonesia,2020-03-28,1155,109,102.0,15.0,March,2020
27,Indonesia,2020-03-29,1285,130,114.0,12.0,March,2020
28,Indonesia,2020-03-30,1414,129,122.0,8.0,March,2020
29,Indonesia,2020-03-31,1528,114,136.0,14.0,March,2020
30,Indonesia,2020-04-01,1677,149,157.0,21.0,April,2020
31,Indonesia,2020-04-02,1790,113,170.0,13.0,April,2020
32,Indonesia,2020-04-03,1986,196,181.0,11.0,April,2020
33,Indonesia,2020-04-04,2092,106,191.0,10.0,April,2020
34,Indonesia,2020-04-05,2273,181,198.0,7.0,April,2020
35,Indonesia,2020-04-06,2491,218,209.0,11.0,April,2020
36,Indonesia,2020-04-07,2738,247,221.0,12.0,April,2020
37,Indonesia,2020-04-08,2956,218,240.0,19.0,April,2020
38,Indonesia,2020-04-09,3293,337,280.0,40.0,April,2020
39,Indonesia,2020-04-10,3512,219,306.0,26.0,April,2020
40,Indonesia,2020-04-11,3842,330,327.0,21.0,April,2020
41,Indonesia,2020-04-12,4241,399,373.0,46.0,April,2020
42,Indonesia,2020-04-13,4557,316,399.0,26.0,April,2020
43,Indonesia,2020-04-14,4839,282,459.0,60.0,April,2020
44,Indonesia,2020-04-15,5136,297,469.0,10.0,April,2020
45,Indonesia,2020-04-16,5516,380,496.0,27.0,April,2020
46,Indonesia,2020-04-17,5923,407,520.0,24.0,April,2020
47,Indonesia,2020-04-18,6248,325,535.0,15.0,April,2020
48,Indonesia,2020-04-19,6575,327,582.0,47.0,April,2020
49,Indonesia,2020-04-20,6760,185,590.0,8.0,April,2020
50,Indonesia,2020-04-21,7135,375,616.0,26.0,April,2020
51,Indonesia,2020-04-22,7418,283,635.0,19.0,April,2020
52,Indonesia,2020-04-23,7775,357,647.0,12.0,April,2020
53,Indonesia,2020-04-24,8211,436,689.0,42.0,April,2020
54,Indonesia,2020-04-25,8607,396,720.0,31.0,April,2020
55,Indonesia,2020-04-26,8882,275,743.0,23.0,April,2020
56,Indonesia,2020-04-27,9096,214,765.0,22.0,April,2020
57,Indonesia,2020-04-28,9511,415,773.0,8.0,April,2020
58,Indonesia,2020-04-29,9771,260,784.0,11.0,April,2020
59,Indonesia,2020-04-30,10118,347,792.0,8.0,April,2020
60,Indonesia,2020-05-01,10551,433,800.0,8.0,May,2020
61,Indonesia,2020-05-02,10843,292,831.0,31.0,May,2020
62,Indonesia,2020-05-03,11192,349,845.0,14.0,May,2020
63,Indonesia,2020-05-04,11587,395,864.0,19.0,May,2020
64,Indonesia,2020-05-05,12071,484,872.0,8.0,May,2020
65,Indonesia,2020-05-06,12438,367,895.0,23.0,May,2020
66,Indonesia,2020-05-07,12776,338,930.0,35.0,May,2020
67,Indonesia,2020-05-08,13112,336,943.0,13.0,May,2020
68,Indonesia,2020-05-09,13645,533,959.0,16.0,May,2020
69,Indonesia,2020-05-10,14032,387,973.0,14.0,May,2020
70,Indonesia,2020-05-11,14265,233,991.0,18.0,May,2020
71,Indonesia,2020-05-12,14749,484,1007.0,16.0,May,2020
72,Indonesia,2020-05-13,15438,689,1028.0,21.0,May,2020
73,Indonesia,2020-05-14,16006,568,1043.0,15.0,May,2020
74,Indonesia,2020-05-15,16496,490,1076.0,33.0,May,2020
75,Indonesia,2020-05-16,17025,529,1089.0,13.0,May,2020
76,Indonesia,2020-05-17,17514,489,1148.0,59.0,May,2020
77,Indonesia,2020-05-18,18010,496,1191.0,43.0,May,2020
78,Indonesia,2020-05-19,18496,486,1221.0,30.0,May,2020
79,Indonesia,2020-05-20,19189,693,1242.0,21.0,May,2020
80,Indonesia,2020-05-21,20162,973,1278.0,36.0,May,2020
81,Indonesia,2020-05-22,20796,634,1326.0,48.0,May,2020
82,Indonesia,2020-05-23,21745,949,1351.0,25.0,May,2020
83,Indonesia,2020-05-24,22271,526,1372.0,21.0,May,2020
84,Indonesia,2020-05-25,22750,479,1391.0,19.0,May,2020
85,Indonesia,2020-05-26,23165,415,1418.0,27.0,May,2020
86,Indonesia,2020-05-27,23851,686,1473.0,55.0,May,2020
87,Indonesia,2020-05-28,24538,687,1496.0,23.0,May,2020
88,Indonesia,2020-05-29,25216,678,1520.0,24.0,May,2020
89,Indonesia,2020-05-30,25773,557,1573.0,53.0,May,2020
90,Indonesia,2020-05-31,26473,700,1613.0,40.0,May,2020
91,Indonesia,2020-06-01,26940,467,1641.0,28.0,June,2020
92,Indonesia,2020-06-02,27549,609,1663.0,22.0,June,2020
93,Indonesia,2020-06-03,28233,684,1698.0,35.0,June,2020
94,Indonesia,2020-06-04,28818,585,1721.0,23.0,June,2020
95,Indonesia,2020-06-05,29521,703,1770.0,49.0,June,2020
96,Indonesia,2020-06-06,30514,993,1801.0,31.0,June,2020
97,Indonesia,2020-06-07,31186,672,1851.0,50.0,June,2020
98,Indonesia,2020-06-08,32033,847,1883.0,32.0,June,2020
99,Indonesia,2020-06-09,33076,1043,1923.0,40.0,June,2020
100,Indonesia,2020-06-10,34316,1240,1959.0,36.0,June,2020
101,Indonesia,2020-06-11,35295,979,2000.0,41.0,June,2020
102,Indonesia,2020-06-12,36406,1111,2048.0,48.0,June,2020
103,Indonesia,2020-06-13,37420,1014,2091.0,43.0,June,2020
104,Indonesia,2020-06-14,38277,857,2134.0,43.0,June,2020
105,Indonesia,2020-06-15,39294,1017,2198.0,64.0,June,2020
106,Indonesia,2020-06-16,40400,1106,2231.0,33.0,June,2020
107,Indonesia,2020-06-17,41431,1031,2276.0,45.0,June,2020
108,Indonesia,2020-06-18,42762,1331,2339.0,63.0,June,2020
109,Indonesia,2020-06-19,43803,1041,2373.0,34.0,June,2020
110,Indonesia,2020-06-20,45029,1226,2429.0,56.0,June,2020
111,Indonesia,2020-06-21,45891,862,2465.0,36.0,June,2020
112,Indonesia,2020-06-22,46845,954,2500.0,35.0,June,2020
113,Indonesia,2020-06-23,47896,1051,2535.0,35.0,June,2020
114,Indonesia,2020-06-24,49009,1113,2573.0,38.0,June,2020
115,Indonesia,2020-06-25,50187,1178,2620.0,47.0,June,2020
116,Indonesia,2020-06-26,51427,1240,2683.0,63.0,June,2020
117,Indonesia,2020-06-27,52812,1385,2720.0,37.0,June,2020
118,Indonesia,2020-06-28,54010,1198,2754.0,34.0,June,2020
119,Indonesia,2020-06-29,55092,1082,2805.0,51.0,June,2020
120,Indonesia,2020-06-30,56385,1293,2876.0,71.0,June,2020
121,Indonesia,2020-07-01,57770,1385,2934.0,58.0,July,2020
122,Indonesia,2020-07-02,59394,1624,2987.0,53.0,July,2020
123,Indonesia,2020-07-03,60695,1301,3036.0,49.0,July,2020
124,Indonesia,2020-07-04,62142,1447,3089.0,53.0,July,2020
125,Indonesia,2020-07-05,63749,1607,3171.0,82.0,July,2020
126,Indonesia,2020-07-06,64958,1209,3241.0,70.0,July,2020
127,Indonesia,2020-07-07,66226,1268,3309.0,68.0,July,2020
128,Indonesia,2020-07-08,68079,1853,3359.0,50.0,July,2020
129,Indonesia,2020-07-09,70736,2657,3417.0,58.0,July,2020
130,Indonesia,2020-07-10,72347,1611,3469.0,52.0,July,2020
131,Indonesia,2020-07-11,74018,1671,3535.0,66.0,July,2020
132,Indonesia,2020-07-12,75699,1681,3606.0,71.0,July,2020
133,Indonesia,2020-07-13,76981,1282,3656.0,50.0,July,2020
134,Indonesia,2020-07-14,78572,1591,3710.0,54.0,July,2020
135,Indonesia,2020-07-15,80094,1522,3797.0,87.0,July,2020
136,Indonesia,2020-07-16,81668,1574,3873.0,76.0,July,2020
137,Indonesia,2020-07-17,83130,1462,3957.0,84.0,July,2020
138,Indonesia,2020-07-18,84882,1752,4016.0,59.0,July,2020
139,Indonesia,2020-07-19,86521,1639,4143.0,127.0,July,2020
140,Indonesia,2020-07-20,88214,1693,4239.0,96.0,July,2020
141,Indonesia,2020-07-21,89869,1655,4320.0,81.0,July,2020
142,Indonesia,2020-07-22,91751,1882,4459.0,139.0,July,2020
143,Indonesia,2020-07-23,93657,1906,4576.0,117.0,July,2020
144,Indonesia,2020-07-24,95418,1761,4665.0,89.0,July,2020
145,Indonesia,2020-07-25,97286,1868,4714.0,49.0,July,2020
146,Indonesia,2020-07-26,98778,1492,4781.0,67.0,July,2020
147,Indonesia,2020-07-27,100303,1525,4838.0,57.0,July,2020
148,Indonesia,2020-07-28,102051,1748,4901.0,63.0,July,2020
149,Indonesia,2020-07-29,104432,2381,4975.0,74.0,July,2020
150,Indonesia,2020-07-30,106336,1904,5058.0,83.0,July,2020
151,Indonesia,2020-07-31,108376,2040,5131.0,73.0,July,2020
152,Indonesia,2020-08-01,109936,1560,5193.0,62.0,August,2020
153,Indonesia,2020-08-02,111455,1519,5236.0,43.0,August,2020
154,Indonesia,2020-08-03,113134,1679,5302.0,66.0,August,2020
155,Indonesia,2020-08-04,115056,1922,5388.0,86.0,August,2020
156,Indonesia,2020-08-05,116871,1815,5452.0,64.0,August,2020
157,Indonesia,2020-08-06,118753,1882,5521.0,69.0,August,2020
158,Indonesia,2020-08-07,121226,2473,5593.0,72.0,August,2020
159,Indonesia,2020-08-08,123503,2277,5658.0,65.0,August,2020
160,Indonesia,2020-08-09,125396,1893,5723.0,65.0,August,2020
161,Indonesia,2020-08-10,127083,1687,5765.0,42.0,August,2020
162,Indonesia,2020-08-11,128776,1693,5824.0,59.0,August,2020
163,Indonesia,2020-08-12,130718,1942,5903.0,79.0,August,2020
164,Indonesia,2020-08-13,132816,2098,5968.0,65.0,August,2020
165,Indonesia,2020-08-14,135123,2307,6021.0,53.0,August,2020
166,Indonesia,2020-08-15,137468,2345,6071.0,50.0,August,2020
167,Indonesia,2020-08-16,139549,2081,6150.0,79.0,August,2020
168,Indonesia,2020-08-17,141370,1821,6207.0,57.0,August,2020
169,Indonesia,2020-08-18,143043,1673,6277.0,70.0,August,2020
170,Indonesia,2020-08-19,144945,1902,6346.0,69.0,August,2020
171,Indonesia,2020-08-20,147211,2266,6418.0,72.0,August,2020
172,Indonesia,2020-08-21,149408,2197,6500.0,82.0,August,2020
173,Indonesia,2020-08-22,151498,2090,6594.0,94.0,August,2020
174,Indonesia,2020-08-23,153535,2037,6680.0,86.0,August,2020
175,Indonesia,2020-08-24,155412,1877,6759.0,79.0,August,2020
176,Indonesia,2020-08-25,157859,2447,6858.0,99.0,August,2020
177,Indonesia,2020-08-26,160165,2306,6944.0,86.0,August,2020
178,Indonesia,2020-08-27,162884,2719,7064.0,120.0,August,2020
179,Indonesia,2020-08-28,165887,3003,7169.0,105.0,August,2020
180,Indonesia,2020-08-29,169195,3308,7261.0,92.0,August,2020
181,Indonesia,2020-08-30,172053,2858,7343.0,82.0,August,2020
182,Indonesia,2020-08-31,174796,2743,7417.0,74.0,August,2020
183,Indonesia,2020-09-01,177571,2775,7505.0,88.0,September,2020
184,Indonesia,2020-09-02,180646,3075,7616.0,111.0,September,2020
185,Indonesia,2020-09-03,184268,3622,7750.0,134.0,September,2020
186,Indonesia,2020-09-04,187537,3269,7832.0,82.0,September,2020
187,Indonesia,2020-09-05,190665,3128,7940.0,108.0,September,2020
188,Indonesia,2020-09-06,194109,3444,8025.0,85.0,September,2020
189,Indonesia,2020-09-07,196989,2880,8130.0,105.0,September,2020
190,Indonesia,2020-09-08,200035,3046,8230.0,100.0,September,2020
191,Indonesia,2020-09-09,203342,3307,8336.0,106.0,September,2020
192,Indonesia,2020-09-10,207203,3861,8456.0,120.0,September,2020
193,Indonesia,2020-09-11,210940,3737,8544.0,88.0,September,2020
194,Indonesia,2020-09-12,214746,3806,8650.0,106.0,September,2020
195,Indonesia,2020-09-13,218382,3636,8723.0,73.0,September,2020
196,Indonesia,2020-09-14,221523,3141,8841.0,118.0,September,2020
197,Indonesia,2020-09-15,225030,3507,8965.0,124.0,September,2020
198,Indonesia,2020-09-16,228993,3963,9100.0,135.0,September,2020
199,Indonesia,2020-09-17,232628,3635,9222.0,122.0,September,2020
200,Indonesia,2020-09-18,236519,3891,9336.0,114.0,September,2020
201,Indonesia,2020-09-19,240687,4168,9448.0,112.0,September,2020
202,Indonesia,2020-09-20,244676,3989,9553.0,105.0,September,2020
203,Indonesia,2020-09-21,248852,4176,9677.0,124.0,September,2020
204,Indonesia,2020-09-22,252923,4071,9837.0,160.0,September,2020
205,Indonesia,2020-09-23,257388,4465,9977.0,140.0,September,2020
206,Indonesia,2020-09-24,262022,4634,10105.0,128.0,September,2020
207,Indonesia,2020-09-25,266845,4823,10218.0,113.0,September,2020
208,Indonesia,2020-09-26,271339,4494,10308.0,90.0,September,2020
209,Indonesia,2020-09-27,275213,3874,10386.0,78.0,September,2020
210,Indonesia,2020-09-28,278722,3509,10473.0,87.0,September,2020
211,Indonesia,2020-09-29,282724,4002,10601.0,128.0,September,2020
212,Indonesia,2020-09-30,287008,4284,10740.0,139.0,September,2020
213,Indonesia,2020-10-01,291182,4174,10856.0,116.0,October,2020
214,Indonesia,2020-10-02,295499,4317,10972.0,116.0,October,2020
215,Indonesia,2020-10-03,299506,4007,11055.0,83.0,October,2020
216,Indonesia,2020-10-04,303498,3992,11151.0,96.0,October,2020
217,Indonesia,2020-10-05,307120,3622,11253.0,102.0,October,2020
218,Indonesia,2020-10-06,311176,4056,11374.0,121.0,October,2020
219,Indonesia,2020-10-07,315714,4538,11472.0,98.0,October,2020
220,Indonesia,2020-10-08,320564,4850,11580.0,108.0,October,2020
221,Indonesia,2020-10-09,324658,4094,11677.0,97.0,October,2020
222,Indonesia,2020-10-10,328952,4294,11765.0,88.0,October,2020
223,Indonesia,2020-10-11,333449,4497,11844.0,79.0,October,2020
224,Indonesia,2020-10-12,336716,3267,11935.0,91.0,October,2020
225,Indonesia,2020-10-13,340622,3906,12027.0,92.0,October,2020
226,Indonesia,2020-10-14,344749,4127,12156.0,129.0,October,2020
227,Indonesia,2020-10-15,349160,4411,12268.0,112.0,October,2020
228,Indonesia,2020-10-16,353461,4301,12347.0,79.0,October,2020
229,Indonesia,2020-10-17,357762,4301,12431.0,84.0,October,2020
230,Indonesia,2020-10-18,361867,4105,12511.0,80.0,October,2020
231,Indonesia,2020-10-19,365240,3373,12617.0,106.0,October,2020
232,Indonesia,2020-10-20,368842,3602,12734.0,117.0,October,2020
233,Indonesia,2020-10-21,373109,4267,12857.0,123.0,October,2020
234,Indonesia,2020-10-22,377541,4432,12959.0,102.0,October,2020
235,Indonesia,2020-10-23,381910,4369,13077.0,118.0,October,2020
236,Indonesia,2020-10-24,385980,4070,13205.0,128.0,October,2020
237,Indonesia,2020-10-25,389712,3732,13299.0,94.0,October,2020
238,Indonesia,2020-10-26,392934,3222,13411.0,112.0,October,2020
239,Indonesia,2020-10-27,396454,3520,13512.0,101.0,October,2020
240,Indonesia,2020-10-28,400483,4029,13612.0,100.0,October,2020
241,Indonesia,2020-10-29,404048,3565,13701.0,89.0,October,2020
242,Indonesia,2020-10-30,406945,2897,13782.0,81.0,October,2020
243,Indonesia,2020-10-31,410088,3143,13869.0,87.0,October,2020
244,Indonesia,2020-11-01,412784,2696,13943.0,74.0,November,2020
245,Indonesia,2020-11-02,415402,2618,14044.0,101.0,November,2020
246,Indonesia,2020-11-03,418375,2973,14146.0,102.0,November,2020
247,Indonesia,2020-11-04,421731,3356,14259.0,113.0,November,2020
248,Indonesia,2020-11-05,425796,4065,14348.0,89.0,November,2020
249,Indonesia,2020-11-06,429574,3778,14442.0,94.0,November,2020
250,Indonesia,2020-11-07,433836,4262,14540.0,98.0,November,2020
251,Indonesia,2020-11-08,437716,3880,14614.0,74.0,November,2020
252,Indonesia,2020-11-09,440569,2853,14689.0,75.0,November,2020
253,Indonesia,2020-11-10,444348,3779,14761.0,72.0,November,2020
254,Indonesia,2020-11-11,448118,3770,14836.0,75.0,November,2020
255,Indonesia,2020-11-12,452291,4173,14933.0,97.0,November,2020
256,Indonesia,2020-11-13,457735,5444,15037.0,104.0,November,2020
257,Indonesia,2020-11-14,463007,5272,15148.0,111.0,November,2020
258,Indonesia,2020-11-15,467113,4106,15211.0,63.0,November,2020
259,Indonesia,2020-11-16,470648,3535,15296.0,85.0,November,2020
260,Indonesia,2020-11-17,474455,3807,15393.0,97.0,November,2020
261,Indonesia,2020-11-18,478720,4265,15503.0,110.0,November,2020
262,Indonesia,2020-11-19,483518,4798,15600.0,97.0,November,2020
263,Indonesia,2020-11-20,488310,4792,15678.0,78.0,November,2020
264,Indonesia,2020-11-21,493308,4998,15774.0,96.0,November,2020
265,Indonesia,2020-11-22,497668,4360,15884.0,110.0,November,2020
266,Indonesia,2020-11-23,502110,4442,16002.0,118.0,November,2020
267,Indonesia,2020-11-24,506302,4192,16111.0,109.0,November,2020
268,Indonesia,2020-11-25,511836,5534,16225.0,114.0,November,2020
269,Indonesia,2020-11-26,516753,4917,16352.0,127.0,November,2020
270,Indonesia,2020-11-27,522581,5828,16521.0,169.0,November,2020
271,Indonesia,2020-11-28,527999,5418,16646.0,125.0,November,2020
272,Indonesia,2020-11-29,534266,6267,16815.0,169.0,November,2020
273,Indonesia,2020-11-30,538883,4617,16945.0,130.0,November,2020
274,Indonesia,2020-12-01,543975,5092,17081.0,136.0,December,2020
275,Indonesia,2020-12-02,549508,5533,17199.0,118.0,December,2020
276,Indonesia,2020-12-03,557877,8369,17355.0,156.0,December,2020
277,Indonesia,2020-12-04,563680,5803,17479.0,124.0,December,2020
278,Indonesia,2020-12-05,569707,6027,17589.0,110.0,December,2020
279,Indonesia,2020-12-06,575796,6089,17740.0,151.0,December,2020
280,Indonesia,2020-12-07,581550,5754,17867.0,127.0,December,2020
281,Indonesia,2020-12-08,586842,5292,18000.0,133.0,December,2020
282,Indonesia,2020-12-09,592900,6058,18171.0,171.0,December,2020
283,Indonesia,2020-12-10,598933,6033,18336.0,165.0,December,2020
284,Indonesia,2020-12-11,605243,6310,18511.0,175.0,December,2020
285,Indonesia,2020-12-12,611631,6388,18653.0,142.0,December,2020
286,Indonesia,2020-12-13,617820,6189,18819.0,166.0,December,2020
287,Indonesia,2020-12-14,623309,5489,18956.0,137.0,December,2020
288,Indonesia,2020-12-15,629429,6120,19111.0,155.0,December,2020
289,Indonesia,2020-12-16,636154,6725,19248.0,137.0,December,2020
290,Indonesia,2020-12-17,643508,7354,19390.0,142.0,December,2020
291,Indonesia,2020-12-18,650197,6689,19514.0,124.0,December,2020
292,Indonesia,2020-12-19,657948,7751,19659.0,145.0,December,2020
293,Indonesia,2020-12-20,664930,6982,19880.0,221.0,December,2020
294,Indonesia,2020-12-21,671778,6848,20085.0,205.0,December,2020
295,Indonesia,2020-12-22,678125,6347,20257.0,172.0,December,2020
296,Indonesia,2020-12-23,685639,7514,20408.0,151.0,December,2020
297,Indonesia,2020-12-24,692838,7199,20589.0,181.0,December,2020
298,Indonesia,2020-12-25,700097,7259,20847.0,258.0,December,2020
299,Indonesia,2020-12-26,706837,6740,20994.0,147.0,December,2020
300,Indonesia,2020-12-27,713365,6528,21237.0,243.0,December,2020
301,Indonesia,2020-12-28,719219,5854,21452.0,215.0,December,2020
302,Indonesia,2020-12-29,727122,7903,21703.0,251.0,December,2020
303,Indonesia,2020-12-30,735124,8002,21944.0,241.0,December,2020
304,Indonesia,2020-12-31,743198,8074,22138.0,194.0,December,2020
305,Indonesia,2021-01-01,751270,8072,22329.0,191.0,January,2021
306,Indonesia,2021-01-02,758473,7203,22555.0,226.0,January,2021
307,Indonesia,2021-01-03,765350,6877,22734.0,179.0,January,2021
308,Indonesia,2021-01-04,772103,6753,22911.0,177.0,January,2021
309,Indonesia,2021-01-05,779548,7445,23109.0,198.0,January,2021
310,Indonesia,2021-01-06,788402,8854,23296.0,187.0,January,2021
311,Indonesia,2021-01-07,797723,9321,23520.0,224.0,January,2021
312,Indonesia,2021-01-08,808340,10617,23753.0,233.0,January,2021
313,Indonesia,2021-01-09,818386,10046,23947.0,194.0,January,2021
314,Indonesia,2021-01-10,828026,9640,24129.0,182.0,January,2021
315,Indonesia,2021-01-11,836718,8692,24343.0,214.0,January,2021
316,Indonesia,2021-01-12,846765,10047,24645.0,302.0,January,2021
317,Indonesia,2021-01-13,858043,11278,24951.0,306.0,January,2021
318,Indonesia,2021-01-14,869600,11557,25246.0,295.0,January,2021
319,Indonesia,2021-01-15,882418,12818,25484.0,238.0,January,2021
320,Indonesia,2021-01-16,896642,14224,25767.0,283.0,January,2021
321,Indonesia,2021-01-17,907929,11287,25987.0,220.0,January,2021
322,Indonesia,2021-01-18,917015,9086,26282.0,295.0,January,2021
323,Indonesia,2021-01-19,927380,10365,26590.0,308.0,January,2021
324,Indonesia,2021-01-20,939948,12568,26857.0,267.0,January,2021
325,Indonesia,2021-01-21,951651,11703,27203.0,346.0,January,2021
326,Indonesia,2021-01-22,965283,13632,27453.0,250.0,January,2021
327,Indonesia,2021-01-23,977474,12191,27664.0,211.0,January,2021
328,Indonesia,2021-01-24,989262,11788,27835.0,171.0,January,2021
329,Indonesia,2021-01-25,999256,9994,28132.0,297.0,January,2021
330,Indonesia,2021-01-26,1012350,13094,28468.0,336.0,January,2021
331,Indonesia,2021-01-27,1024298,11948,28855.0,387.0,January,2021
332,Indonesia,2021-01-28,1037993,13695,29331.0,476.0,January,2021
333,Indonesia,2021-01-29,1051795,13802,29518.0,187.0,January,2021
334,Indonesia,2021-01-30,1066313,14518,29728.0,210.0,January,2021
335,Indonesia,2021-01-31,1078314,12001,29998.0,270.0,January,2021
336,Indonesia,2021-02-01,1089308,10994,30277.0,279.0,February,2021
337,Indonesia,2021-02-02,1099687,10379,30581.0,304.0,February,2021
338,Indonesia,2021-02-03,1111671,11984,30770.0,189.0,February,2021
339,Indonesia,2021-02-04,1123105,11434,31001.0,231.0,February,2021
340,Indonesia,2021-02-05,1134854,11749,31202.0,201.0,February,2021
341,Indonesia,2021-02-06,1147010,12156,31393.0,191.0,February,2021
342,Indonesia,2021-02-07,1157837,10827,31556.0,163.0,February,2021
343,Indonesia,2021-02-08,1166079,8242,31763.0,207.0,February,2021
344,Indonesia,2021-02-09,1174779,8700,31976.0,213.0,February,2021
345,Indonesia,2021-02-10,1183555,8776,32167.0,191.0,February,2021
346,Indonesia,2021-02-11,1191990,8435,32381.0,214.0,February,2021
347,Indonesia,2021-02-12,1201859,9869,32656.0,275.0,February,2021
348,Indonesia,2021-02-13,1210703,8844,32936.0,280.0,February,2021
349,Indonesia,2021-02-14,1217468,6765,33183.0,247.0,February,2021
350,Indonesia,2021-02-15,1223930,6462,33367.0,184.0,February,2021
351,Indonesia,2021-02-16,1233959,10029,33596.0,229.0,February,2021
352,Indonesia,2021-02-17,1243646,9687,33788.0,192.0,February,2021
353,Indonesia,2021-02-18,1252685,9039,33969.0,181.0,February,2021
354,Indonesia,2021-02-19,1263299,10614,34152.0,183.0,February,2021
355,Indonesia,2021-02-20,1271353,8054,34316.0,164.0,February,2021
356,Indonesia,2021-02-21,1278653,7300,34489.0,173.0,February,2021
357,Indonesia,2021-02-22,1288833,10180,34691.0,202.0,February,2021
358,Indonesia,2021-02-23,1298608,9775,35014.0,323.0,February,2021
359,Indonesia,2021-02-24,1306141,7533,35254.0,240.0,February,2021
360,Indonesia,2021-02-25,1314634,8493,35518.0,264.0,February,2021
361,Indonesia,2021-02-26,1322866,8232,35786.0,268.0,February,2021
362,Indonesia,2021-02-27,1329074,6208,35981.0,195.0,February,2021
363,Indonesia,2021-02-28,1334634,5560,36166.0,185.0,February,2021
364,Indonesia,2021-03-01,1341314,6680,36325.0,159.0,March,2021
365,Indonesia,2021-03-02,1347026,5712,36518.0,193.0,March,2021
366,Indonesia,2021-03-03,1353834,6808,36721.0,203.0,March,2021
367,Indonesia,2021-03-04,1361098,7264,36897.0,176.0,March,2021
368,Indonesia,2021-03-05,1368069,6971,37026.0,129.0,March,2021
369,Indonesia,2021-03-06,1373836,5767,37154.0,128.0,March,2021
370,Indonesia,2021-03-07,1379662,5826,37266.0,112.0,March,2021
371,Indonesia,2021-03-08,1386556,6894,37547.0,281.0,March,2021
372,Indonesia,2021-03-09,1392945,6389,37757.0,210.0,March,2021
373,Indonesia,2021-03-10,1398578,5633,37932.0,175.0,March,2021
374,Indonesia,2021-03-11,1403722,5144,38049.0,117.0,March,2021
375,Indonesia,2021-03-12,1410134,6412,38229.0,180.0,March,2021
376,Indonesia,2021-03-13,1414741,4607,38329.0,100.0,March,2021
377,Indonesia,2021-03-14,1419455,4714,38426.0,97.0,March,2021
378,Indonesia,2021-03-15,1425044,5589,38573.0,147.0,March,2021
379,Indonesia,2021-03-16,1430458,5414,38753.0,180.0,March,2021
380,Indonesia,2021-03-17,1437283,6825,38915.0,162.0,March,2021
381,Indonesia,2021-03-18,1443853,6570,39142.0,227.0,March,2021
382,Indonesia,2021-03-19,1450132,6279,39339.0,197.0,March,2021
383,Indonesia,2021-03-20,1455788,5656,39447.0,108.0,March,2021
384,Indonesia,2021-03-21,1460184,4396,39550.0,103.0,March,2021
385,Indonesia,2021-03-22,1465928,5744,39711.0,161.0,March,2021
386,Indonesia,2021-03-23,1471225,5297,39865.0,154.0,March,2021
387,Indonesia,2021-03-24,1476452,5227,39983.0,118.0,March,2021
388,Indonesia,2021-03-25,1482559,6107,40081.0,98.0,March,2021
389,Indonesia,2021-03-26,1487541,4982,40166.0,85.0,March,2021
390,Indonesia,2021-03-27,1492002,4461,40364.0,198.0,March,2021
391,Indonesia,2021-03-28,1496085,4083,40449.0,85.0,March,2021
392,Indonesia,2021-03-29,1501093,5008,40581.0,132.0,March,2021
393,Indonesia,2021-03-30,1505775,4682,40754.0,173.0,March,2021
394,Indonesia,2021-03-31,1511712,5937,40858.0,104.0,March,2021
395,Indonesia,2021-04-01,1517854,6142,41054.0,196.0,April,2021
396,Indonesia,2021-04-02,1523179,5325,41151.0,97.0,April,2021
397,Indonesia,2021-04-03,1527524,4345,41242.0,91.0,April,2021
398,Indonesia,2021-04-04,1534255,6731,41669.0,427.0,April,2021
399,Indonesia,2021-04-05,1537967,3712,41815.0,146.0,April,2021
400,Indonesia,2021-04-06,1542516,4549,41977.0,162.0,April,2021
401,Indonesia,2021-04-07,1547376,4860,42064.0,87.0,April,2021
402,Indonesia,2021-04-08,1552880,5504,42227.0,163.0,April,2021
403,Indonesia,2021-04-09,1558145,5265,42348.0,121.0,April,2021
404,Indonesia,2021-04-10,1562868,4723,42443.0,95.0,April,2021
405,Indonesia,2021-04-11,1566995,4127,42530.0,87.0,April,2021
406,Indonesia,2021-04-12,1571824,4829,42656.0,126.0,April,2021
407,Indonesia,2021-04-13,1577526,5702,42782.0,126.0,April,2021
408,Indonesia,2021-04-14,1583182,5656,42906.0,124.0,April,2021
409,Indonesia,2021-04-15,1589359,6177,43073.0,167.0,April,2021
410,Indonesia,2021-04-16,1594722,5363,43196.0,123.0,April,2021
411,Indonesia,2021-04-17,1599763,5041,43328.0,132.0,April,2021
412,Indonesia,2021-04-18,1604348,4585,43424.0,96.0,April,2021
413,Indonesia,2021-04-19,1609300,4952,43567.0,143.0,April,2021
414,Indonesia,2021-04-20,1614849,5549,43777.0,210.0,April,2021
415,Indonesia,2021-04-21,1620569,5720,44007.0,230.0,April,2021
416,Indonesia,2021-04-22,1626812,6243,44172.0,165.0,April,2021
417,Indonesia,2021-04-23,1632248,5436,44346.0,174.0,April,2021
418,Indonesia,2021-04-24,1636792,4544,44500.0,154.0,April,2021
419,Indonesia,2021-04-25,1641194,4402,44594.0,94.0,April,2021
420,Indonesia,2021-04-26,1647138,5944,44771.0,177.0,April,2021
421,Indonesia,2021-04-27,1651794,4656,44939.0,168.0,April,2021
422,Indonesia,2021-04-28,1657035,5241,45116.0,177.0,April,2021
423,Indonesia,2021-04-29,1662868,5833,45334.0,218.0,April,2021
424,Indonesia,2021-04-30,1668368,5500,45521.0,187.0,April,2021
425,Indonesia,2021-05-01,1672880,4512,45652.0,131.0,May,2021
426,Indonesia,2021-05-02,1677274,4394,45796.0,144.0,May,2021
427,Indonesia,2021-05-03,1682004,4730,45949.0,153.0,May,2021
428,Indonesia,2021-05-04,1686373,4369,46137.0,188.0,May,2021
429,Indonesia,2021-05-05,1691658,5285,46349.0,212.0,May,2021
430,Indonesia,2021-05-06,1697305,5647,46496.0,147.0,May,2021
431,Indonesia,2021-05-07,1703632,6327,46663.0,167.0,May,2021
432,Indonesia,2021-05-08,1709762,6130,46842.0,179.0,May,2021
433,Indonesia,2021-05-09,1713684,3922,47012.0,170.0,May,2021
434,Indonesia,2021-05-10,1718575,4891,47218.0,206.0,May,2021
435,Indonesia,2021-05-11,1723596,5021,47465.0,247.0,May,2021
436,Indonesia,2021-05-12,1728204,4608,47617.0,152.0,May,2021
437,Indonesia,2021-05-13,1731652,3448,47716.0,99.0,May,2021
438,Indonesia,2021-05-14,1734285,2633,47823.0,107.0,May,2021
439,Indonesia,2021-05-15,1736670,2385,47967.0,144.0,May,2021
440,Indonesia,2021-05-16,1739750,3080,48093.0,126.0,May,2021
441,Indonesia,2021-05-17,1744045,4295,48305.0,212.0,May,2021
442,Indonesia,2021-05-18,1748230,4185,48477.0,172.0,May,2021
443,Indonesia,2021-05-19,1753101,4871,48669.0,192.0,May,2021
444,Indonesia,2021-05-20,1758898,5797,48887.0,218.0,May,2021
445,Indonesia,2021-05-21,1764644,5746,49073.0,186.0,May,2021
446,Indonesia,2021-05-22,1769940,5296,49205.0,132.0,May,2021
447,Indonesia,2021-05-23,1775220,5280,49328.0,123.0,May,2021
448,Indonesia,2021-05-24,1781127,5907,49455.0,127.0,May,2021
449,Indonesia,2021-05-25,1786187,5060,49627.0,172.0,May,2021
450,Indonesia,2021-05-26,1791221,5034,49771.0,144.0,May,2021
451,Indonesia,2021-05-27,1797499,6278,49907.0,136.0,May,2021
452,Indonesia,2021-05-28,1803361,5862,50100.0,193.0,May,2021
453,Indonesia,2021-05-29,1809926,6565,50262.0,162.0,May,2021
454,Indonesia,2021-05-30,1816041,6115,50404.0,142.0,May,2021
455,Indonesia,2021-05-31,1821703,5662,50578.0,174.0,May,2021
456,Indonesia,2021-06-01,1826527,4824,50723.0,145.0,June,2021
457,Indonesia,2021-06-02,1831773,5246,50908.0,185.0,June,2021
458,Indonesia,2021-06-03,1837126,5353,51095.0,187.0,June,2021
459,Indonesia,2021-06-04,1843612,6486,51296.0,201.0,June,2021
460,Indonesia,2021-06-05,1850206,6594,51449.0,153.0,June,2021
461,Indonesia,2021-06-06,1856038,5832,51612.0,163.0,June,2021
462,Indonesia,2021-06-07,1863031,6993,51803.0,191.0,June,2021
463,Indonesia,2021-06-08,1869325,6294,51992.0,189.0,June,2021
464,Indonesia,2021-06-09,1877050,7725,52162.0,170.0,June,2021
465,Indonesia,2021-06-10,1885942,8892,52373.0,211.0,June,2021
466,Indonesia,2021-06-11,1894025,8083,52566.0,193.0,June,2021
467,Indonesia,2021-06-12,1901490,7465,52730.0,164.0,June,2021
468,Indonesia,2021-06-13,1911358,9868,52879.0,149.0,June,2021
469,Indonesia,2021-06-14,1919547,8189,53116.0,237.0,June,2021
470,Indonesia,2021-06-15,1927708,8161,53280.0,164.0,June,2021
471,Indonesia,2021-06-16,1937652,9944,53476.0,196.0,June,2021
472,Indonesia,2021-06-17,1950276,12624,53753.0,277.0,June,2021
473,Indonesia,2021-06-18,1963266,12990,54043.0,290.0,June,2021
474,Indonesia,2021-06-19,1976172,12906,54291.0,248.0,June,2021
475,Indonesia,2021-06-20,1989909,13737,54662.0,371.0,June,2021
476,Indonesia,2021-06-21,2004445,14536,54956.0,294.0,June,2021
477,Indonesia,2021-06-22,2018113,13668,55291.0,335.0,June,2021
478,Indonesia,2021-06-23,2033421,15308,55594.0,303.0,June,2021
479,Indonesia,2021-06-24,2053995,20574,55949.0,355.0,June,2021
480,Indonesia,2021-06-25,2072867,18872,56371.0,422.0,June,2021
481,Indonesia,2021-06-26,2093962,21095,56729.0,358.0,June,2021
482,Indonesia,2021-06-27,2115304,21342,57138.0,409.0,June,2021
483,Indonesia,2021-06-28,2135998,20694,57561.0,423.0,June,2021
484,Indonesia,2021-06-29,2156465,20467,58024.0,463.0,June,2021
485,Indonesia,2021-06-30,2178272,21807,58491.0,467.0,June,2021
486,Indonesia,2021-07-01,2203108,24836,58995.0,504.0,July,2021
487,Indonesia,2021-07-02,2228938,25830,59534.0,539.0,July,2021
488,Indonesia,2021-07-03,2256851,27913,60027.0,493.0,July,2021
489,Indonesia,2021-07-04,2284084,27233,60582.0,555.0,July,2021
490,Indonesia,2021-07-05,2313829,29745,61140.0,558.0,July,2021
491,Indonesia,2021-07-06,2345018,31189,61868.0,728.0,July,2021
492,Indonesia,2021-07-07,2379397,34379,62908.0,1040.0,July,2021
493,Indonesia,2021-07-08,2417788,38391,63760.0,852.0,July,2021
494,Indonesia,2021-07-09,2455912,38124,64631.0,871.0,July,2021
495,Indonesia,2021-07-10,2491006,35094,65457.0,826.0,July,2021
496,Indonesia,2021-07-11,2527203,36197,66464.0,1007.0,July,2021
497,Indonesia,2021-07-12,2567630,40427,67355.0,891.0,July,2021
498,Indonesia,2021-07-13,2615529,47899,68219.0,864.0,July,2021
499,Indonesia,2021-07-14,2670046,54517,69210.0,991.0,July,2021
500,Indonesia,2021-07-15,2726803,56757,70192.0,982.0,July,2021
501,Indonesia,2021-07-16,2780803,54000,71397.0,1205.0,July,2021
502,Indonesia,2021-07-17,2832755,51952,72489.0,1092.0,July,2021
503,Indonesia,2021-07-18,2877476,44721,73582.0,1093.0,July,2021
504,Indonesia,2021-07-19,2911733,34257,74920.0,1338.0,July,2021
505,Indonesia,2021-07-20,2950058,38325,76200.0,1280.0,July,2021
506,Indonesia,2021-07-21,2983830,33772,77583.0,1383.0,July,2021
507,Indonesia,2021-07-22,3033339,49509,79032.0,1449.0,July,2021
508,Indonesia,2021-07-23,3082410,49071,80598.0,1566.0,July,2021
509,Indonesia,2021-07-24,3127826,45416,82013.0,1415.0,July,2021
510,Indonesia,2021-07-25,3166505,38679,83279.0,1266.0,July,2021
511,Indonesia,2021-07-26,3194733,28228,84766.0,1487.0,July,2021
512,Indonesia,2021-07-27,3239936,45203,86835.0,2069.0,July,2021
513,Indonesia,2021-07-28,3287727,47791,88659.0,1824.0,July,2021
514,Indonesia,2021-07-29,3331206,43479,90552.0,1893.0,July,2021
515,Indonesia,2021-07-30,3372374,41168,92311.0,1759.0,July,2021
516,Indonesia,2021-07-31,3409658,37284,94119.0,1808.0,July,2021
517,Indonesia,2021-08-01,3440396,30738,95723.0,1604.0,August,2021
518,Indonesia,2021-08-02,3462800,22404,97291.0,1568.0,August,2021
519,Indonesia,2021-08-03,3496700,33900,98889.0,1598.0,August,2021
520,Indonesia,2021-08-04,3532567,35867,100636.0,1747.0,August,2021
521,Indonesia,2021-08-05,3568331,35764,102375.0,1739.0,August,2021
522,Indonesia,2021-08-06,3607863,39532,104010.0,1635.0,August,2021
